{"stat.useItem.397":7,"stat.killEntity.Bat":1,"stat.walkOneCm":434675,"stat.useItem.278":17,"stat.useItem.61":1,"stat.killEntity.Creeper":14,"stat.useItem.24":1,"stat.useItem.77":1,"stat.killEntity.PigZombie":1,"stat.jump":432,"stat.fallOneCm":7438,"achievement.exploreAllBiomes":{"value":0,"progress":["Desert"]},"stat.useItem.173":1,"stat.useItem.88":8,"stat.killEntity.Skeleton":5,"stat.useItem.137":1,"achievement.openInventory":202,"stat.damageTaken":-2147469779,"stat.killEntity.Spider":14,"stat.killEntity.Enderman":3,"stat.mobKills":164,"stat.useItem.98":1,"stat.flyOneCm":139906,"stat.deaths":1,"stat.drop":18,"stat.useItem.145":3,"stat.playOneMinute":98634,"stat.killEntity.Sheep":1,"stat.damageDealt":160282,"stat.killEntity.Zombie":118,"stat.useItem.58":2}