{"stat.useItem.397":10,"stat.killEntity.Bat":5,"stat.mineBlock.49":10,"stat.useItem.276":3,"stat.walkOneCm":1496924,"stat.useItem.278":190,"stat.useItem.61":1,"stat.killEntity.Slime":11,"stat.killEntity.Creeper":34,"stat.useItem.24":305,"stat.useItem.77":1,"stat.killEntity.PigZombie":1,"stat.jump":1447,"stat.fallOneCm":77167,"achievement.exploreAllBiomes":{"value":0,"progress":["Desert"]},"stat.useItem.35":5,"stat.useItem.173":1,"stat.mineBlock.24":161,"stat.useItem.88":12,"stat.killEntity.Skeleton":13,"stat.useItem.137":1,"achievement.openInventory":432,"stat.damageTaken":-2147436983,"stat.killEntity.Spider":16,"stat.killEntity.Enderman":3,"stat.mobKills":255,"stat.useItem.49":10,"stat.useItem.98":1,"stat.useItem.10":7,"stat.flyOneCm":2108916,"stat.deaths":5,"stat.drop":53,"stat.useItem.145":4,"stat.useItem.268":57,"stat.playOneMinute":291386,"stat.entityKilledBy.Zombie":1,"stat.killEntity.Sheep":6,"stat.damageDealt":169955,"stat.killEntity.Zombie":132,"stat.killEntity.Silverfish":19,"stat.killEntity.Cow":1,"stat.useItem.58":2}