{"stat.flyOneCm":32338,"stat.killEntity.Skeleton":5,"stat.walkOneCm":70535,"stat.drop":13,"stat.useItem.145":1,"stat.jump":88,"stat.killEntity.EntityHorse":1,"stat.playOneMinute":16306,"achievement.openInventory":28,"stat.fallOneCm":1293,"stat.killEntity.Sheep":10,"stat.killEntity.Chicken":4,"stat.killEntity.Slime":19,"stat.killEntity.Villager":1,"stat.damageTaken":2460,"stat.killEntity.Spider":5,"stat.damageDealt":14049,"stat.killEntity.Zombie":15,"stat.killEntity.Cow":6,"stat.mobKills":71,"stat.killEntity.Pig":1,"achievement.exploreAllBiomes":{"value":0,"progress":["Plains"]},"stat.killEntity.Creeper":1}