{"stat.useItem.383":41,"stat.killEntity.CaveSpider":1,"stat.flyOneCm":7541,"stat.killEntity.Skeleton":6,"stat.walkOneCm":10402,"stat.killEntity.PigZombie":11,"stat.jump":9,"stat.playOneMinute":12133,"stat.killEntity.Witch":1,"achievement.openInventory":21,"stat.killEntity.Slime":1,"stat.killEntity.Spider":1,"stat.damageDealt":14790,"stat.killEntity.Zombie":30,"stat.killEntity.Enderman":1,"stat.mobKills":53,"achievement.exploreAllBiomes":{"value":0,"progress":["Desert"]},"stat.useItem.24":18,"stat.killEntity.Creeper":1}