{"stat.useItem.61":1,"stat.killEntity.Slime":11,"stat.useItem.77":1,"stat.killEntity.PigZombie":1,"stat.jump":1567,"stat.fallOneCm":80666,"achievement.exploreAllBiomes":{"value":0,"progress":["Sky","Desert"]},"stat.damageTaken":-2147428303,"stat.killEntity.Enderman":7,"stat.useItem.49":10,"stat.flyOneCm":2589296,"stat.killEntity.Witch":2,"stat.entityKilledBy.Zombie":1,"stat.damageDealt":634749,"stat.killEntity.Silverfish":19,"stat.killEntity.Cow":1,"stat.useItem.58":2,"stat.useItem.397":10,"stat.killEntity.Bat":11,"stat.mineBlock.49":10,"stat.useItem.276":88,"stat.walkOneCm":1693245,"stat.useItem.278":190,"stat.killEntity.Creeper":43,"stat.useItem.24":305,"stat.useItem.35":5,"stat.useItem.173":1,"stat.mineBlock.24":161,"stat.useItem.88":12,"stat.killEntity.Skeleton":24,"stat.useItem.137":1,"achievement.openInventory":554,"stat.killEntity.Spider":25,"stat.mobKills":307,"stat.useItem.98":1,"stat.useItem.10":7,"stat.useItem.383":8,"stat.deaths":5,"stat.drop":55,"stat.useItem.145":4,"stat.useItem.268":57,"stat.playOneMinute":355110,"stat.killEntity.Sheep":6,"stat.killEntity.Zombie":140}