{"stat.useItem.397":10,"stat.killEntity.Bat":1,"stat.mineBlock.49":10,"stat.walkOneCm":1345269,"stat.useItem.278":181,"stat.useItem.61":1,"stat.killEntity.Slime":11,"stat.killEntity.Creeper":26,"stat.useItem.24":281,"stat.useItem.77":1,"stat.killEntity.PigZombie":1,"stat.jump":1308,"stat.fallOneCm":62897,"achievement.exploreAllBiomes":{"value":0,"progress":["Desert"]},"stat.useItem.35":5,"stat.useItem.173":1,"stat.mineBlock.24":154,"stat.useItem.88":12,"stat.killEntity.Skeleton":5,"stat.useItem.137":1,"achievement.openInventory":396,"stat.damageTaken":-2147439274,"stat.killEntity.Spider":15,"stat.killEntity.Enderman":3,"stat.mobKills":216,"stat.useItem.49":10,"stat.useItem.98":1,"stat.useItem.10":7,"stat.flyOneCm":2095213,"stat.deaths":5,"stat.drop":53,"stat.useItem.145":3,"stat.useItem.268":57,"stat.playOneMinute":270790,"stat.entityKilledBy.Zombie":1,"stat.killEntity.Sheep":6,"stat.damageDealt":167839,"stat.killEntity.Zombie":119,"stat.killEntity.Silverfish":16,"stat.killEntity.Cow":1,"stat.useItem.58":2}