{"stat.useItem.61":1,"stat.killEntity.Slime":11,"stat.useItem.77":1,"stat.killEntity.PigZombie":1,"stat.jump":1632,"stat.fallOneCm":80877,"achievement.exploreAllBiomes":{"value":0,"progress":["Sky","Desert"]},"stat.damageTaken":-2147426423,"stat.killEntity.Enderman":7,"stat.useItem.49":26,"stat.flyOneCm":2594673,"stat.killEntity.Witch":2,"stat.entityKilledBy.Zombie":1,"stat.damageDealt":656559,"stat.killEntity.Silverfish":19,"stat.killEntity.Cow":2,"stat.useItem.58":2,"stat.useItem.397":10,"stat.killEntity.Bat":11,"stat.mineBlock.49":10,"stat.useItem.276":115,"stat.walkOneCm":1791433,"stat.useItem.278":190,"stat.killEntity.Creeper":264,"stat.useItem.24":392,"stat.useItem.323":2,"stat.useItem.35":5,"stat.useItem.171":3,"stat.useItem.173":1,"stat.mineBlock.24":161,"stat.useItem.88":12,"stat.killEntity.Skeleton":24,"stat.useItem.137":1,"achievement.openInventory":633,"stat.killEntity.Chicken":1,"stat.killEntity.Spider":25,"stat.mobKills":589,"stat.useItem.98":1,"stat.useItem.10":7,"stat.useItem.383":293,"stat.deaths":5,"stat.drop":63,"stat.useItem.145":7,"stat.useItem.268":57,"stat.playOneMinute":396916,"stat.killEntity.Sheep":6,"stat.killEntity.Zombie":198}