{"stat.mineBlock.58":1,"stat.useItem.98":27,"stat.flyOneCm":3579,"stat.killEntity.Skeleton":1,"stat.walkOneCm":39619,"stat.drop":13,"stat.jump":22,"stat.playOneMinute":11402,"stat.killEntity.Witch":1,"achievement.openInventory":13,"stat.fallOneCm":422,"stat.damageTaken":710,"stat.killEntity.Spider":2,"stat.damageDealt":5810,"stat.killEntity.Zombie":7,"stat.killEntity.Enderman":2,"stat.mobKills":16,"achievement.exploreAllBiomes":{"value":0,"progress":["Desert"]},"stat.mineBlock.98":22,"stat.useItem.24":1,"stat.killEntity.Creeper":3,"stat.useItem.58":1}