{"stat.useItem.397":7,"stat.killEntity.Bat":1,"stat.mineBlock.49":10,"stat.walkOneCm":1187269,"stat.useItem.278":141,"stat.useItem.61":1,"stat.killEntity.Creeper":26,"stat.useItem.24":144,"stat.useItem.77":1,"stat.killEntity.PigZombie":1,"stat.jump":705,"stat.fallOneCm":32119,"achievement.exploreAllBiomes":{"value":0,"progress":["Desert"]},"stat.useItem.35":5,"stat.useItem.173":1,"stat.mineBlock.24":114,"stat.useItem.88":8,"stat.killEntity.Skeleton":5,"stat.useItem.137":1,"achievement.openInventory":290,"stat.damageTaken":-2147456224,"stat.killEntity.Spider":14,"stat.killEntity.Enderman":3,"stat.mobKills":186,"stat.useItem.49":10,"stat.useItem.98":1,"stat.useItem.10":7,"stat.flyOneCm":1968226,"stat.deaths":3,"stat.drop":36,"stat.useItem.145":3,"stat.useItem.268":57,"stat.playOneMinute":189248,"stat.entityKilledBy.Zombie":1,"stat.killEntity.Sheep":6,"stat.damageDealt":165897,"stat.killEntity.Zombie":119,"stat.killEntity.Cow":1,"stat.useItem.58":2}